片名:肖申克的救赎,导演:弗兰克·德拉邦特 Frank Darabont,发行年份:1994,豆瓣评分：10.0,评价人数：2464570
片名:霸王别姬,导演:陈凯歌 Kaige Chen,发行年份:1993,豆瓣评分：10.0,评价人数：1832158
片名:阿甘正传,导演:罗伯特·泽米吉斯 Robert Zemeckis,发行年份:1994,豆瓣评分：10.0,评价人数：1852469
片名:这个杀手不太冷,导演:吕克·贝松 Luc Besson,发行年份:1994,豆瓣评分：10.0,评价人数：2016425
片名:泰坦尼克号,导演:詹姆斯·卡梅隆 James Cameron,发行年份:1997,豆瓣评分：10.0,评价人数：1814468
片名:美丽人生,导演:罗伯托·贝尼尼 Roberto Benigni,发行年份:1997,豆瓣评分：10.0,评价人数：1135328
片名:千与千寻,导演:宫崎骏 Hayao Miyazaki,发行年份:2001,豆瓣评分：10.0,评价人数：1933571
片名:辛德勒的名单,导演:史蒂文·斯皮尔伯格 Steven Spielberg,发行年份:1993,豆瓣评分：10.0,评价人数：946365
片名:盗梦空间,导演:克里斯托弗·诺兰 Christopher Nolan,发行年份:2010,豆瓣评分：10.0,评价人数：1780759
片名:忠犬八公的故事,导演:莱塞·霍尔斯道姆 Lasse Hallström,发行年份:2009,豆瓣评分：10.0,评价人数：1224019
片名:星际穿越,导演:克里斯托弗·诺兰 Christopher Nolan,发行年份:2014,豆瓣评分：10.0,评价人数：1455521
片名:楚门的世界,导演:彼得·威尔 Peter Weir,发行年份:1998,豆瓣评分：10.0,评价人数：1378935
片名:海上钢琴师,导演:朱塞佩·托纳多雷 Giuseppe Tornatore,发行年份:1998,豆瓣评分：10.0,评价人数：1447266
片名:三傻大闹宝莱坞,导演:拉库马·希拉尼 Rajkumar Hirani,发行年份:2009,豆瓣评分：10.0,评价人数：1621864
片名:机器人总动员,导演:安德鲁·斯坦顿 Andrew Stanton,发行年份:2008,豆瓣评分：10.0,评价人数：1142071
片名:放牛班的春天,导演:克里斯托夫·巴拉蒂 Christophe Barratier,发行年份:2004,豆瓣评分：10.0,评价人数：1126773
片名:无间道,导演:刘伟强 / 麦兆辉,发行年份:2002,豆瓣评分：10.0,评价人数：1116162
片名:疯狂动物城,导演:拜伦·霍华德 Byron Howard / 瑞奇·摩尔 Rich Moore,发行年份:2016,豆瓣评分：10.0,评价人数：1609990
片名:大话西游之大圣娶亲,导演:刘镇伟 Jeffrey Lau,发行年份:1995,豆瓣评分：10.0,评价人数：1319481
片名:熔炉,导演:黄东赫 Dong-hyuk Hwang,发行年份:2011,豆瓣评分：10.0,评价人数：801033
片名:教父,导演:弗朗西斯·福特·科波拉 Francis Ford Coppola,发行年份:1972,豆瓣评分：10.0,评价人数：805529
片名:当幸福来敲门,导演:加布里尔·穆奇诺 Gabriele Muccino,发行年份:2006,豆瓣评分：10.0,评价人数：1307809
片名:龙猫,导演:宫崎骏 Hayao Miyazaki,发行年份:1988,豆瓣评分：10.0,评价人数：1092620
片名:怦然心动,导演:罗伯·莱纳 Rob Reiner,发行年份:2010,豆瓣评分：10.0,评价人数：1561026
片名:控方证人,导演:比利·怀尔德 Billy Wilder,发行年份:1957,豆瓣评分：10.0,评价人数：399794
片名:触不可及,导演:奥利维·那卡什 Olivier Nakache / 艾力克·托兰达 Eric Toledano,发行年份:2011,豆瓣评分：10.0,评价人数：875605
片名:末代皇帝,导演:贝纳尔多·贝托鲁奇 Bernardo Bertolucci,发行年份:1987,豆瓣评分：10.0,评价人数：708665
片名:蝙蝠侠：黑暗骑士,导演:克里斯托弗·诺兰 Christopher Nolan,发行年份:2008,豆瓣评分：10.0,评价人数：895272
片名:寻梦环游记,导演:李·昂克里奇 Lee Unkrich / 阿德里安·莫利纳 Adrian Molina,发行年份:2017,豆瓣评分：10.0,评价人数：1375819
片名:活着,导演:张艺谋 Yimou Zhang,发行年份:1994,豆瓣评分：10.0,评价人数：697265
片名:指环王3：王者无敌,导演:彼得·杰克逊 Peter Jackson,发行年份:2003,豆瓣评分：10.0,评价人数：682925
片名:哈利·波特与魔法石,导演:Chris Columbus,发行年份:2001,豆瓣评分：10.0,评价人数：947691
片名:乱世佳人,导演:维克多·弗莱明 Victor Fleming / 乔治·库克 George Cukor,发行年份:1939,豆瓣评分：10.0,评价人数：590823
片名:何以为家,导演:娜丁·拉巴基 Nadine Labaki,发行年份:2018,豆瓣评分：10.0,评价人数：874042
片名:素媛,导演:李濬益 Jun-ik Lee,发行年份:2013,豆瓣评分：10.0,评价人数：572501
片名:飞屋环游记,导演:彼特·道格特 Pete Docter / 鲍勃·彼德森 Bob Peterson,发行年份:2009,豆瓣评分：10.0,评价人数：1139820
片名:摔跤吧！爸爸,导演:涅提·蒂瓦里 Nitesh Tiwari,发行年份:2016,豆瓣评分：10.0,评价人数：1351871
片名:十二怒汉,导演:Sidney Lumet,发行年份:1957,豆瓣评分：10.0,评价人数：398909
片名:哈尔的移动城堡,导演:宫崎骏 Hayao Miyazaki,发行年份:2004,豆瓣评分：10.0,评价人数：855937
片名:少年派的奇幻漂流,导演:李安 Ang Lee,发行年份:2012,豆瓣评分：10.0,评价人数：1182646
片名:我不是药神,导演:文牧野 Muye Wen,发行年份:2018,豆瓣评分：10.0,评价人数：1797579
片名:鬼子来了,导演:姜文 Wen Jiang,发行年份:2000,豆瓣评分：10.0,评价人数：528341
片名:大话西游之月光宝盒,导演:刘镇伟 Jeffrey Lau,发行年份:1995,豆瓣评分：10.0,评价人数：1051530
片名:天空之城,导演:宫崎骏 Hayao Miyazaki,发行年份:1986,豆瓣评分：10.0,评价人数：712803
片名:天堂电影院,导演:朱塞佩·托纳多雷 Giuseppe Tornatore,发行年份:1988,豆瓣评分：10.0,评价人数：588516
片名:闻香识女人,导演:马丁·布莱斯 Martin Brest,发行年份:1992,豆瓣评分：10.0,评价人数：737482
片名:猫鼠游戏,导演:史蒂文·斯皮尔伯格 Steven Spielberg,发行年份:2002,豆瓣评分：10.0,评价人数：787748
片名:指环王2：双塔奇兵,导演:彼得·杰克逊 Peter Jackson,发行年份:2002,豆瓣评分：10.0,评价人数：636565
片名:罗马假日,导演:威廉·惠勒 William Wyler,发行年份:1953,豆瓣评分：10.0,评价人数：829178
片名:辩护人,导演:杨宇硕 Woo-seok Yang,发行年份:2013,豆瓣评分：10.0,评价人数：514487
片名:钢琴家,导演:罗曼·波兰斯基 Roman Polanski,发行年份:2002,豆瓣评分：10.0,评价人数：486810
片名:指环王1：护戒使者,导演:彼得·杰克逊 Peter Jackson,发行年份:2001,豆瓣评分：10.0,评价人数：722564
片名:让子弹飞,导演:姜文 Wen Jiang,发行年份:2010,豆瓣评分：10.0,评价人数：1410137
片名:大闹天宫,导演:万籁鸣 Laiming Wan,发行年份:1961(中国大陆) / 1964(中国大陆) / 1978(中国大陆) / 2004(中国大陆),豆瓣评分：10.0,评价人数：357418
片名:教父2,导演:弗朗西斯·福特·科波拉 Francis Ford Coppola,发行年份:1974,豆瓣评分：10.0,评价人数：453546
片名:狮子王,导演:Roger Allers / 罗伯·明可夫 Rob Minkoff,发行年份:1994,豆瓣评分：10.0,评价人数：707650
片名:死亡诗社,导演:彼得·威尔 Peter Weir,发行年份:1989,豆瓣评分：10.0,评价人数：595900
片名:黑客帝国,导演:安迪·沃卓斯基 Andy Wachowski / 拉娜·沃卓斯基 Lana Wachowski,发行年份:1999,豆瓣评分：10.0,评价人数：696028
片名:搏击俱乐部,导演:大卫·芬奇 David Fincher,发行年份:1999,豆瓣评分：10.0,评价人数：725458
片名:海蒂和爷爷,导演:阿兰·葛斯彭纳 Alain Gsponer,发行年份:2015,豆瓣评分：10.0,评价人数：416058
片名:绿皮书,导演:彼得·法雷里 Peter Farrelly,发行年份:2018,豆瓣评分：10.0,评价人数：1343471
片名:饮食男女,导演:李安 Ang Lee,发行年份:1994,豆瓣评分：10.0,评价人数：509790
片名:美丽心灵,导演:朗·霍华德 Ron Howard,发行年份:2001,豆瓣评分：10.0,评价人数：650233
片名:窃听风暴,导演:弗洛里安·亨克尔·冯·多纳斯马尔克 Florian Henckel von Donnersmarck,发行年份:2006,豆瓣评分：10.0,评价人数：479294
片名:本杰明·巴顿奇事,导演:大卫·芬奇 David Fincher,发行年份:2008,豆瓣评分：10.0,评价人数：841663
片名:两杆大烟枪,导演:Guy Ritchie,发行年份:1998,豆瓣评分：10.0,评价人数：516250
片名:情书,导演:岩井俊二 Shunji Iwai,发行年份:1995,豆瓣评分：10.0,评价人数：877317
片名:穿条纹睡衣的男孩,导演:马克·赫尔曼 Mark Herman,发行年份:2008,豆瓣评分：10.0,评价人数：450883
片名:西西里的美丽传说,导演:朱塞佩·托纳多雷 Giuseppe Tornatore,发行年份:2000,豆瓣评分：10.0,评价人数：833577
片名:看不见的客人,导演:奥里奥尔·保罗 Oriol Paulo,发行年份:2016,豆瓣评分：10.0,评价人数：1047435
片名:飞越疯人院,导演:米洛斯·福尔曼 Miloš Forman,发行年份:1975,豆瓣评分：10.0,评价人数：485506
片名:拯救大兵瑞恩,导演:史蒂文·斯皮尔伯格 Steven Spielberg,发行年份:1998,豆瓣评分：10.0,评价人数：551705
片名:音乐之声,导演:罗伯特·怀斯 Robert Wise,发行年份:1965,豆瓣评分：10.0,评价人数：511719
片名:小鞋子,导演:马基德·马基迪 Majid Majidi,发行年份:1997,豆瓣评分：10.0,评价人数：347450
片名:阿凡达,导演:詹姆斯·卡梅隆 James Cameron,发行年份:2009,豆瓣评分：10.0,评价人数：1198829
片名:海豚湾,导演:路易·西霍尤斯 Louie Psihoyos,发行年份:2009,豆瓣评分：10.0,评价人数：320799
片名:致命魔术,导演:克里斯托弗·诺兰 Christopher Nolan,发行年份:2006,豆瓣评分：10.0,评价人数：733747
片名:沉默的羔羊,导演:乔纳森·戴米 Jonathan Demme,发行年份:1991,豆瓣评分：10.0,评价人数：738241
片名:美国往事,导演:赛尔乔·莱翁内 Sergio Leone,发行年份:1984,豆瓣评分：10.0,评价人数：352422
片名:禁闭岛,导演:Martin Scorsese,发行年份:2010,豆瓣评分：10.0,评价人数：813896
片名:哈利·波特与死亡圣器(下),导演:大卫·叶茨 David Yates,发行年份:2011,豆瓣评分：10.0,评价人数：677472
片名:蝴蝶效应,导演:埃里克·布雷斯 Eric Bress / J·麦基·格鲁伯 J. Mackye Gruber,发行年份:2004,豆瓣评分：10.0,评价人数：796714
片名:布达佩斯大饭店,导演:韦斯·安德森 Wes Anderson,发行年份:2014,豆瓣评分：10.0,评价人数：763195
片名:心灵捕手,导演:格斯·范·桑特 Gus Van Sant,发行年份:1997,豆瓣评分：10.0,评价人数：601798
片名:低俗小说,导演:昆汀·塔伦蒂诺 Quentin Tarantino,发行年份:1994,豆瓣评分：10.0,评价人数：708161
片名:春光乍泄,导演:王家卫 Kar Wai Wong,发行年份:1997,豆瓣评分：10.0,评价人数：534135
片名:七宗罪,导演:大卫·芬奇 David Fincher,发行年份:1995,豆瓣评分：10.0,评价人数：821169
片名:摩登时代,导演:查理·卓别林 Charles Chaplin,发行年份:1936,豆瓣评分：10.0,评价人数：249068
片名:喜剧之王,导演:周星驰 Stephen Chow / 李力持 Lik-Chi Lee,发行年份:1999,豆瓣评分：10.0,评价人数：820109
片名:致命ID,导演:詹姆斯·曼高德 James Mangold,发行年份:2003,豆瓣评分：10.0,评价人数：686398
片名:被嫌弃的松子的一生,导演:中岛哲也 Tetsuya Nakashima,发行年份:2006,豆瓣评分：10.0,评价人数：620076
片名:杀人回忆,导演:奉俊昊 Joon-ho Bong,发行年份:2003,豆瓣评分：10.0,评价人数：582624
片名:加勒比海盗,导演:戈尔·维宾斯基 Gore Verbinski,发行年份:2003,豆瓣评分：10.0,评价人数：740476
片名:剪刀手爱德华,导演:蒂姆·波顿 Tim Burton,发行年份:1990,豆瓣评分：10.0,评价人数：923981
片名:狩猎,导演:托马斯·温特伯格 Thomas Vinterberg,发行年份:2012,豆瓣评分：10.0,评价人数：321424
片名:红辣椒,导演:今敏 Satoshi Kon,发行年份:2006,豆瓣评分：10.0,评价人数：367521
片名:勇敢的心,导演:梅尔·吉布森 Mel Gibson,发行年份:1995,豆瓣评分：10.0,评价人数：503715
片名:请以你的名字呼唤我,导演:卢卡·瓜达尼诺 Luca Guadagnino,发行年份:2017,豆瓣评分：10.0,评价人数：588136
片名:7号房的礼物,导演:李焕庆 Hwan-kyeong Lee,发行年份:2013,豆瓣评分：10.0,评价人数：466509
片名:断背山,导演:李安 Ang Lee,发行年份:2005,豆瓣评分：10.0,评价人数：618611
片名:功夫,导演:周星驰 Stephen Chow,发行年份:2004,豆瓣评分：10.0,评价人数：890706
片名:天使爱美丽,导演:让-皮埃尔·热内 Jean-Pierre Jeunet,发行年份:2001,豆瓣评分：10.0,评价人数：868972
片名:超脱,导演:托尼·凯耶 Tony Kaye,发行年份:2011,豆瓣评分：10.0,评价人数：438744
片名:哈利·波特与阿兹卡班的囚徒,导演:Alfonso Cuarón,发行年份:2004,豆瓣评分：10.0,评价人数：557963
片名:幽灵公主,导演:宫崎骏 Hayao Miyazaki,发行年份:1997,豆瓣评分：10.0,评价人数：456140
片名:第六感,导演:M·奈特·沙马兰 M. Night Shyamalan,发行年份:1999,豆瓣评分：10.0,评价人数：470893
片名:唐伯虎点秋香,导演:李力持 Lik-Chi Lee,发行年份:1993,豆瓣评分：10.0,评价人数：903113
片名:重庆森林,导演:王家卫 Kar Wai Wong,发行年份:1994,豆瓣评分：10.0,评价人数：679092
片名:小森林 夏秋篇,导演:森淳一 Junichi Mori,发行年份:2014,豆瓣评分：10.0,评价人数：363145
片名:阳光灿烂的日子,导演:姜文 Wen Jiang,发行年份:1994,豆瓣评分：10.0,评价人数：529251
片名:爱在黎明破晓前,导演:理查德·林克莱特 Richard Linklater,发行年份:1995,豆瓣评分：10.0,评价人数：544037
片名:一一,导演:杨德昌 Edward Yang,发行年份:2000,豆瓣评分：10.0,评价人数：306839
片名:菊次郎的夏天,导演:北野武 Takeshi Kitano,发行年份:1999,豆瓣评分：10.0,评价人数：496984
片名:蝙蝠侠：黑暗骑士崛起,导演:克里斯托弗·诺兰 Christopher Nolan,发行年份:2012,豆瓣评分：10.0,评价人数：611059
片名:消失的爱人,导演:大卫·芬奇 David Fincher,发行年份:2014,豆瓣评分：10.0,评价人数：778408
片名:小森林 冬春篇,导演:森淳一 Junichi Mori,发行年份:2015,豆瓣评分：10.0,评价人数：324394
片名:无人知晓,导演:是枝裕和 Hirokazu Koreeda,发行年份:2004,豆瓣评分：10.0,评价人数：257916
片名:超能陆战队,导演:唐·霍尔 Don Hall / 克里斯·威廉姆斯 Chris Williams,发行年份:2014,豆瓣评分：10.0,评价人数：861813
片名:倩女幽魂,导演:程小东 Siu-Tung Ching,发行年份:1987,豆瓣评分：10.0,评价人数：629333
片名:入殓师,导演:泷田洋二郎 Yôjirô Takita,发行年份:2008,豆瓣评分：10.0,评价人数：493191
片名:完美的世界,导演:克林特·伊斯特伍德 Clint Eastwood,发行年份:1993,豆瓣评分：10.0,评价人数：249511
片名:侧耳倾听,导演:近藤喜文 Yoshifumi Kondo,发行年份:1995,豆瓣评分：10.0,评价人数：394239
片名:哈利·波特与密室,导演:Chris Columbus,发行年份:2002,豆瓣评分：10.0,评价人数：584361
片名:爱在日落黄昏时,导演:理查德·林克莱特 Richard Linklater,发行年份:2004,豆瓣评分：10.0,评价人数：449588
片名:借东西的小人阿莉埃蒂,导演:米林宏昌 Hiromasa Yonebayashi,发行年份:2010,豆瓣评分：10.0,评价人数：466976
片名:甜蜜蜜,导演:陈可辛 Peter Chan,发行年份:1996,豆瓣评分：10.0,评价人数：444157
片名:萤火之森,导演:大森贵弘 Takahiro Omori,发行年份:2011,豆瓣评分：10.0,评价人数：444673
片名:驯龙高手,导演:迪恩·德布洛斯 Dean DeBlois / 克里斯·桑德斯 Chris Sanders,发行年份:2010,豆瓣评分：10.0,评价人数：650923
片名:天书奇谭,导演:王树忱 Shuchen Wang / 钱运达 Yunda Qian,发行年份:1983(中国大陆),豆瓣评分：10.0,评价人数：203629
片名:幸福终点站,导演:史蒂文·斯皮尔伯格 Steven Spielberg,发行年份:2004,豆瓣评分：10.0,评价人数：469487
片名:玛丽和马克思,导演:亚当·艾略特 Adam Elliot,发行年份:2009,豆瓣评分：10.0,评价人数：378164
片名:大鱼,导演:蒂姆·波顿 Tim Burton,发行年份:2003,豆瓣评分：10.0,评价人数：491415
片名:告白,导演:中岛哲也 Tetsuya Nakashima,发行年份:2010,豆瓣评分：10.0,评价人数：597991
片名:阳光姐妹淘,导演:姜炯哲 Hyeong-Cheol Kang,发行年份:2011,豆瓣评分：10.0,评价人数：529554
片名:时空恋旅人,导演:理查德·柯蒂斯 Richard Curtis,发行年份:2013,豆瓣评分：10.0,评价人数：520406
片名:怪兽电力公司,导演:彼特·道格特 Pete Docter / 大卫·斯沃曼 David Silverman,发行年份:2001,豆瓣评分：10.0,评价人数：561920
片名:射雕英雄传之东成西就,导演:刘镇伟 Jeffrey Lau,发行年份:1993,豆瓣评分：10.0,评价人数：550693
片名:神偷奶爸,导演:皮艾尔·柯芬 Pierre Coffin / 克里斯·雷纳德 Chris Renaud,发行年份:2010,豆瓣评分：10.0,评价人数：824813
片名:恐怖直播,导演:金秉祐 Byeong-woo Kim,发行年份:2013,豆瓣评分：10.0,评价人数：555301
片名:傲慢与偏见,导演:乔·怀特 Joe Wright,发行年份:2005,豆瓣评分：10.0,评价人数：668557
片名:玩具总动员3,导演:李·昂克里奇 Lee Unkrich,发行年份:2010,豆瓣评分：10.0,评价人数：432605
片名:教父3,导演:弗朗西斯·福特·科波拉 Francis Ford Coppola,发行年份:1990,豆瓣评分：10.0,评价人数：304572
片名:釜山行,导演:延尚昊 Sang-ho Yeon,发行年份:2016,豆瓣评分：10.0,评价人数：1010851
片名:一个叫欧维的男人决定去死,导演:汉内斯·赫尔姆 Hannes Holm,发行年份:2015,豆瓣评分：10.0,评价人数：364689
片名:哪吒闹海,导演:严定宪 Dingxian Yan / 王树忱 Shuchen Wang,发行年份:1979,豆瓣评分：10.0,评价人数：216227
片名:被解救的姜戈,导演:昆汀·塔伦蒂诺 Quentin Tarantino,发行年份:2012,豆瓣评分：10.0,评价人数：514625
片名:血战钢锯岭,导演:梅尔·吉布森 Mel Gibson,发行年份:2016,豆瓣评分：10.0,评价人数：679378
片名:未麻的部屋,导演:今敏 Satoshi Kon,发行年份:1997,豆瓣评分：10.0,评价人数：254349
片名:头号玩家,导演:史蒂文·斯皮尔伯格 Steven Spielberg,发行年份:2018,豆瓣评分：10.0,评价人数：1177615
片名:七武士,导演:黑泽明 Akira Kurosawa,发行年份:1954,豆瓣评分：10.0,评价人数：164155
片名:我是山姆,导演:杰茜·尼尔森 Jessie Nelson,发行年份:2001,豆瓣评分：10.0,评价人数：274171
片名:喜宴,导演:李安 Ang Lee,发行年份:1993,豆瓣评分：10.0,评价人数：292061
片名:电锯惊魂,导演:詹姆斯·温 James Wan,发行年份:2004,豆瓣评分：10.0,评价人数：445640
片名:寄生虫,导演:奉俊昊 Joon-ho Bong,发行年份:2019,豆瓣评分：10.0,评价人数：1168946
片名:新世界,导演:朴勋政 Hoon-jung Park,发行年份:2013,豆瓣评分：10.0,评价人数：321294
片名:模仿游戏,导演:莫滕·泰杜姆 Morten Tyldum,发行年份:2014,豆瓣评分：10.0,评价人数：529265
片名:卢旺达饭店,导演:特瑞·乔治 Terry George,发行年份:2004,豆瓣评分：10.0,评价人数：271763
片名:风之谷,导演:宫崎骏 Hayao Miyazaki,发行年份:1984,豆瓣评分：10.0,评价人数：315118
片名:三块广告牌,导演:马丁·麦克唐纳 Martin McDonagh,发行年份:2017,豆瓣评分：10.0,评价人数：708415
片名:上帝之城,导演:费尔南多·梅里尔斯 Fernando Meirelles / 卡迪亚·兰德 Kátia Lund,发行年份:2002,豆瓣评分：10.0,评价人数：263667
片名:花样年华,导演:王家卫 Kar Wai Wong,发行年份:2000,豆瓣评分：10.0,评价人数：497312
片名:黑客帝国3：矩阵革命,导演:拉娜·沃卓斯基 Lana Wachowski / 莉莉·沃卓斯基 Lilly Wachowski,发行年份:2003,豆瓣评分：10.0,评价人数：372295
片名:疯狂原始人,导演:科克·德·米科 Kirk De Micco / 克里斯·桑德斯 Chris Sanders,发行年份:2013,豆瓣评分：10.0,评价人数：735359
片名:谍影重重3,导演:保罗·格林格拉斯 Paul Greengrass,发行年份:2007,豆瓣评分：10.0,评价人数：363278
片名:英雄本色,导演:吴宇森 John Woo,发行年份:1986,豆瓣评分：10.0,评价人数：447006
片名:你的名字。,导演:新海诚 Makoto Shinkai,发行年份:2016,豆瓣评分：10.0,评价人数：1184243
片名:哈利·波特与火焰杯,导演:迈克·内威尔 Mike Newell,发行年份:2005,豆瓣评分：10.0,评价人数：505593
片名:头脑特工队,导演:彼特·道格特 Pete Docter / 罗纳尔多·德尔·卡门 Ronaldo Del Carmen,发行年份:2015,豆瓣评分：10.0,评价人数：508367
片名:达拉斯买家俱乐部,导演:让-马克·瓦雷 Jean-Marc Vallée,发行年份:2013,豆瓣评分：10.0,评价人数：384561
片名:纵横四海,导演:吴宇森 John Woo,发行年份:1991,豆瓣评分：10.0,评价人数：352849
片名:心迷宫,导演:忻钰坤 Yukun Xin,发行年份:2014,豆瓣评分：10.0,评价人数：427254
片名:岁月神偷,导演:罗启锐 Alex Law,发行年份:2010,豆瓣评分：10.0,评价人数：515959
片名:记忆碎片,导演:克里斯托弗·诺兰 Christopher Nolan,发行年份:2000,豆瓣评分：10.0,评价人数：525212
片名:忠犬八公物语,导演:Seijirô Kôyama,发行年份:1987,豆瓣评分：10.0,评价人数：163770
片名:海街日记,导演:是枝裕和 Hirokazu Koreeda,发行年份:2015,豆瓣评分：10.0,评价人数：367032
片名:荒蛮故事,导演:达米安·斯兹弗隆 Damián Szifron,发行年份:2014,豆瓣评分：10.0,评价人数：371980
片名:惊魂记,导演:阿尔弗雷德·希区柯克 Alfred Hitchcock,发行年份:1960,豆瓣评分：10.0,评价人数：223943
片名:爆裂鼓手,导演:达米恩·查泽雷 Damien Chazelle,发行年份:2014,豆瓣评分：10.0,评价人数：485995
片名:贫民窟的百万富翁,导演:丹尼·鲍尔 Danny Boyle / 洛芙琳·坦丹 Loveleen Tandan,发行年份:2008,豆瓣评分：10.0,评价人数：650443
片名:真爱至上,导演:理查德·柯蒂斯 Richard Curtis,发行年份:2003,豆瓣评分：10.0,评价人数：619044
片名:东邪西毒,导演:王家卫 Kar Wai Wong,发行年份:1994,豆瓣评分：10.0,评价人数：503621
片名:九品芝麻官,导演:王晶 Jing Wong,发行年份:1994,豆瓣评分：10.0,评价人数：532257
片名:绿里奇迹,导演:Frank Darabont,发行年份:1999,豆瓣评分：10.0,评价人数：262726
片名:小偷家族,导演:是枝裕和 Hirokazu Koreeda,发行年份:2018,豆瓣评分：10.0,评价人数：710051
片名:无敌破坏王,导演:瑞奇·莫尔 Rich Moore,发行年份:2012,豆瓣评分：10.0,评价人数：455180
片名:爱在午夜降临前,导演:理查德·林克莱特 Richard Linklater,发行年份:2013,豆瓣评分：10.0,评价人数：310672
片名:黑天鹅,导演:达伦·阿罗诺夫斯基 Darren Aronofsky,发行年份:2010,豆瓣评分：10.0,评价人数：703945
片名:冰川时代,导演:卡洛斯·沙尔丹哈 Carlos Saldanha / 克里斯·韦奇 Chris Wedge,发行年份:2002,豆瓣评分：10.0,评价人数：532005
片名:你看起来好像很好吃,导演:藤森雅也 Masaya Fujimori,发行年份:2010,豆瓣评分：10.0,评价人数：288689
片名:萤火虫之墓,导演:高畑勋 Isao Takahata,发行年份:1988,豆瓣评分：10.0,评价人数：363325
片名:疯狂的石头,导演:宁浩 Hao Ning,发行年份:2006,豆瓣评分：10.0,评价人数：690405
片名:雨人,导演:巴瑞·莱文森 Barry Levinson,发行年份:1988,豆瓣评分：10.0,评价人数：353084
片名:恋恋笔记本,导演:尼克·卡索维茨 Nick Cassavetes,发行年份:2004,豆瓣评分：10.0,评价人数：564807
片名:恐怖游轮,导演:克里斯托弗·史密斯 Christopher Smith,发行年份:2009,豆瓣评分：10.0,评价人数：684764
片名:雨中曲,导演:斯坦利·多南 Stanley Donen / 吉恩·凯利 Gene Kelly,发行年份:1952,豆瓣评分：10.0,评价人数：179048
片名:色，戒,导演:李安 Ang Lee,发行年份:2007,豆瓣评分：10.0,评价人数：610634
片名:魔女宅急便,导演:宫崎骏 Hayao Miyazaki,发行年份:1989,豆瓣评分：10.0,评价人数：392280
片名:2001太空漫游,导演:斯坦利·库布里克 Stanley Kubrick,发行年份:1968,豆瓣评分：10.0,评价人数：256909
片名:城市之光,导演:Charles Chaplin,发行年份:1931,豆瓣评分：10.0,评价人数：117410
片名:二十二,导演:郭柯 Ke Guo,发行年份:2015,豆瓣评分：10.0,评价人数：259914
片名:虎口脱险,导演:杰拉尔·乌里 Gérard Oury,发行年份:1966,豆瓣评分：10.0,评价人数：209039
片名:可可西里,导演:陆川 Chuan Lu,发行年份:2004,豆瓣评分：10.0,评价人数：254575
片名:人工智能,导演:史蒂文·斯皮尔伯格 Steven Spielberg,发行年份:2001,豆瓣评分：10.0,评价人数：377042
片名:海边的曼彻斯特,导演:肯尼斯·罗纳根 Kenneth Lonergan,发行年份:2016,豆瓣评分：10.0,评价人数：416372
片名:奇迹男孩,导演:斯蒂芬·卓博斯基 Stephen Chbosky,发行年份:2017,豆瓣评分：10.0,评价人数：488011
片名:初恋这件小事,导演:普特鹏·普罗萨卡·那·萨克那卡林 Puttipong Promsaka Na Sakolnakorn / 华森·波克彭...<br>
                            2010,发行年份:1950,豆瓣评分：10.0,评价人数：263224
片名:遗愿清单,导演:罗伯·莱纳 Rob Reiner,发行年份:2007,豆瓣评分：10.0,评价人数：353034
片名:大佛普拉斯,导演:黄信尧 Hsin-yao Huang,发行年份:2017,豆瓣评分：10.0,评价人数：358720
片名:终结者2：审判日,导演:詹姆斯·卡梅隆 James Cameron,发行年份:1991,豆瓣评分：10.0,评价人数：296462
片名:房间,导演:伦尼·阿伯拉罕森 Lenny Abrahamson,发行年份:2015,豆瓣评分：10.0,评价人数：329332
片名:牯岭街少年杀人事件,导演:杨德昌 Edward Yang,发行年份:1991,豆瓣评分：10.0,评价人数：228331
片名:青蛇,导演:徐克 Hark Tsui,发行年份:1993,豆瓣评分：10.0,评价人数：444116
片名:源代码,导演:邓肯·琼斯 Duncan Jones,发行年份:2011,豆瓣评分：10.0,评价人数：703796
片名:新龙门客栈,导演:李惠民 Raymond Lee,发行年份:1992,豆瓣评分：10.0,评价人数：377901
片名:无间道2,导演:刘伟强 / 麦兆辉,发行年份:2003,豆瓣评分：10.0,评价人数：370484
片名:疯狂的麦克斯4：狂暴之路,导演:乔治·米勒 George Miller,发行年份:2015,豆瓣评分：10.0,评价人数：447502
片名:魂断蓝桥,导演:茂文·勒鲁瓦 Mervyn LeRoy,发行年份:1940,豆瓣评分：10.0,评价人数：237170
片名:波西米亚狂想曲,导演:布莱恩·辛格 Bryan Singer,发行年份:2018,豆瓣评分：10.0,评价人数：498437
片名:东京教父,导演:今敏 Satoshi Kon,发行年份:2003,豆瓣评分：10.0,评价人数：162693
片名:无耻混蛋,导演:Quentin Tarantino,发行年份:2009,豆瓣评分：10.0,评价人数：406098
片名:步履不停,导演:是枝裕和 Hirokazu Koreeda,发行年份:2008,豆瓣评分：10.0,评价人数：232550
片名:血钻,导演:爱德华·兹威克 Edward Zwick,发行年份:2006,豆瓣评分：10.0,评价人数：315973
片名:燃情岁月,导演:爱德华·兹威克 Edward Zwick,发行年份:1994,豆瓣评分：10.0,评价人数：249575
片名:彗星来的那一夜,导演:詹姆斯·沃德·布柯特 James Ward Byrkit,发行年份:2013,豆瓣评分：10.0,评价人数：456895
片名:战争之王,导演:安德鲁·尼科尔 Andrew Niccol,发行年份:2005,豆瓣评分：10.0,评价人数：306005
片名:谍影重重2,导演:保罗·格林格拉斯 Paul Greengrass,发行年份:2004,豆瓣评分：10.0,评价人数：304635
片名:千钧一发,导演:安德鲁·尼科尔 Andrew Niccol,发行年份:1997,豆瓣评分：10.0,评价人数：232677
片名:海洋,导演:雅克·贝汉 Jacques Perrin / 雅克·克鲁奥德 Jacques Cluzaud,发行年份:2009,豆瓣评分：10.0,评价人数：143210
片名:黑客帝国2：重装上阵,导演:拉娜·沃卓斯基 Lana Wachowski / 莉莉·沃卓斯基 Lilly Wachowski,发行年份:2003,豆瓣评分：10.0,评价人数：332097
片名:茶馆,导演:谢添 Tian Xie,发行年份:1982,豆瓣评分：10.0,评价人数：79616
片名:阿飞正传,导演:王家卫 Kar Wai Wong,发行年份:1990,豆瓣评分：10.0,评价人数：429081
片名:崖上的波妞,导演:宫崎骏 Hayao Miyazaki,发行年份:2008,豆瓣评分：10.0,评价人数：400385
片名:穿越时空的少女,导演:细田守 Mamoru Hosoda,发行年份:2006,豆瓣评分：10.0,评价人数：335774
片名:谍影重重,导演:道格·里曼 Doug Liman,发行年份:2002,豆瓣评分：10.0,评价人数：364865
片名:地球上的星星,导演:阿米尔·汗 Aamir Khan,发行年份:2007,豆瓣评分：10.0,评价人数：178882
片名:完美陌生人,导演:保罗·格诺维瑟 Paolo Genovese,发行年份:2016,豆瓣评分：10.0,评价人数：464369
片名:香水,导演:汤姆·提克威 Tom Tykwer,发行年份:2006,豆瓣评分：10.0,评价人数：479610
片名:背靠背，脸对脸,导演:黄建新 Jianxin Huang / 杨亚洲 Yazhou Yang,发行年份:1994,豆瓣评分：10.0,评价人数：81981
片名:再次出发之纽约遇见你,导演:约翰·卡尼 John Carney,发行年份:2013,豆瓣评分：10.0,评价人数：365508
片名:我爱你,导演:秋昌民 Chang-min Choo,发行年份:2011,豆瓣评分：10.0,评价人数：141132
片名:朗读者,导演:史蒂芬·戴德利 Stephen Daldry,发行年份:2008,豆瓣评分：10.0,评价人数：406737
片名:爱乐之城,导演:达米恩·查泽雷 Damien Chazelle,发行年份:2016,豆瓣评分：10.0,评价人数：714415
片名:小丑,导演:托德·菲利普斯 Todd Phillips,发行年份:2019,豆瓣评分：10.0,评价人数：848796
片名:聚焦,导演:托马斯·麦卡锡 Thomas McCarthy,发行年份:2015,豆瓣评分：10.0,评价人数：240954
片名:驴得水,导演:周申 Shen Zhou / 刘露 Lu Liu,发行年份:2016,豆瓣评分：10.0,评价人数：793363
片名:浪潮,导演:丹尼斯·甘塞尔 Dennis Gansel,发行年份:2008,豆瓣评分：10.0,评价人数：235832
片名:猜火车,导演:丹尼·博伊尔 Danny Boyle,发行年份:1996,豆瓣评分：10.0,评价人数：372147
片名:小萝莉的猴神大叔,导演:卡比尔·汗 Kabir Khan,发行年份:2015,豆瓣评分：10.0,评价人数：427241
片名:火星救援,导演:雷德利·斯科特 Ridley Scott,发行年份:2015,豆瓣评分：10.0,评价人数：597450
